phenotype	TN	FP	FN	TP	support	accuracy	sensitivity	specificity	precision	recall	f1-score	MCC
fruit	104	0	7	49	56	0.95625	0.875	1.0	1.0	0.875	0.933333	0.905439
pig	96	8	0	56	56	0.95	1.0	0.923077	0.875	1.0	0.933333	0.898717
poultry	108	4	5	43	48	0.94375	0.895833	0.964286	0.914894	0.895833	0.905263	0.865366
