phenotype	TN	FP	FN	TP	support	accuracy	sensitivity	specificity	precision	recall	f1-score	MCC
fruit	95	9	6	50	56	0.90625	0.892857	0.913462	0.847458	0.892857	0.869565	0.797133
pig	101	3	5	51	56	0.95	0.910714	0.971154	0.944444	0.910714	0.927272	0.889538
poultry	108	4	5	43	48	0.94375	0.895833	0.964286	0.914894	0.895833	0.905263	0.865366
