accuracy	sensitivity	specificity	precision	recall	f1-score	MCC	Cohen kappa
0.9	0.899802	0.949634	0.902265	0.899802	0.9007	0.849903	0.849553
